"module name","license","repository"
"@babel/cli@7.11.6","MIT","https://github.com/babel/babel"
"@babel/compat-data@7.11.0","MIT","https://github.com/babel/babel"
"@babel/core@7.11.6","MIT","https://github.com/babel/babel"
"@babel/generator@7.11.6","MIT","https://github.com/babel/babel"
"@babel/helper-annotate-as-pure@7.10.4","MIT","https://github.com/babel/babel"
"@babel/helper-builder-binary-assignment-operator-visitor@7.10.4","MIT","https://github.com/babel/babel"
"@babel/helper-compilation-targets@7.10.4","MIT","https://github.com/babel/babel"
"@babel/helper-create-class-features-plugin@7.10.5","MIT","https://github.com/babel/babel"
"@babel/helper-create-regexp-features-plugin@7.10.4","MIT","https://github.com/babel/babel"
"@babel/helper-define-map@7.10.5","MIT","https://github.com/babel/babel"
"@babel/helper-explode-assignable-expression@7.11.4","MIT","https://github.com/babel/babel"
"@babel/helper-function-name@7.10.4","MIT","https://github.com/babel/babel"
"@babel/helper-get-function-arity@7.10.4","MIT","https://github.com/babel/babel"
"@babel/helper-hoist-variables@7.10.4","MIT","https://github.com/babel/babel"
"@babel/helper-member-expression-to-functions@7.11.0","MIT","https://github.com/babel/babel"
"@babel/helper-module-imports@7.10.4","MIT","https://github.com/babel/babel"
"@babel/helper-module-transforms@7.11.0","MIT","https://github.com/babel/babel"
"@babel/helper-optimise-call-expression@7.10.4","MIT","https://github.com/babel/babel"
"@babel/helper-plugin-utils@7.10.4","MIT","https://github.com/babel/babel"
"@babel/helper-regex@7.10.5","MIT","https://github.com/babel/babel"
"@babel/helper-remap-async-to-generator@7.11.4","MIT","https://github.com/babel/babel"
"@babel/helper-replace-supers@7.10.4","MIT","https://github.com/babel/babel"
"@babel/helper-simple-access@7.10.4","MIT","https://github.com/babel/babel"
"@babel/helper-skip-transparent-expression-wrappers@7.11.0","MIT","https://github.com/babel/babel"
"@babel/helper-split-export-declaration@7.11.0","MIT","https://github.com/babel/babel"
"@babel/helper-wrap-function@7.10.4","MIT","https://github.com/babel/babel"
"@babel/helpers@7.10.4","MIT","https://github.com/babel/babel"
"@babel/node@7.10.5","MIT","https://github.com/babel/babel"
"@babel/parser@7.11.5","MIT","https://github.com/babel/babel"
"@babel/plugin-proposal-async-generator-functions@7.10.5","MIT","https://github.com/babel/babel"
"@babel/plugin-proposal-class-properties@7.10.4","MIT","https://github.com/babel/babel"
"@babel/plugin-proposal-dynamic-import@7.10.4","MIT","https://github.com/babel/babel"
"@babel/plugin-proposal-export-namespace-from@7.10.4","MIT","https://github.com/babel/babel"
"@babel/plugin-proposal-json-strings@7.10.4","MIT","https://github.com/babel/babel"
"@babel/plugin-proposal-logical-assignment-operators@7.11.0","MIT","https://github.com/babel/babel"
"@babel/plugin-proposal-nullish-coalescing-operator@7.10.4","MIT","https://github.com/babel/babel"
"@babel/plugin-proposal-numeric-separator@7.10.4","MIT","https://github.com/babel/babel"
"@babel/plugin-proposal-object-rest-spread@7.11.0","MIT","https://github.com/babel/babel"
"@babel/plugin-proposal-optional-catch-binding@7.10.4","MIT","https://github.com/babel/babel"
"@babel/plugin-proposal-optional-chaining@7.11.0","MIT","https://github.com/babel/babel"
"@babel/plugin-proposal-private-methods@7.10.4","MIT","https://github.com/babel/babel"
"@babel/plugin-proposal-unicode-property-regex@7.10.4","MIT","https://github.com/babel/babel"
"@babel/plugin-syntax-async-generators@7.8.4","MIT","https://github.com/babel/babel/tree/master/packages/babel-plugin-syntax-async-generators"
"@babel/plugin-syntax-class-properties@7.10.4","MIT","https://github.com/babel/babel"
"@babel/plugin-syntax-dynamic-import@7.8.3","MIT","https://github.com/babel/babel/tree/master/packages/babel-plugin-syntax-dynamic-import"
"@babel/plugin-syntax-export-namespace-from@7.8.3","MIT","https://github.com/babel/babel/tree/master/packages/babel-plugin-syntax-export-namespace-from"
"@babel/plugin-syntax-json-strings@7.8.3","MIT","https://github.com/babel/babel/tree/master/packages/babel-plugin-syntax-json-strings"
"@babel/plugin-syntax-logical-assignment-operators@7.10.4","MIT","https://github.com/babel/babel"
"@babel/plugin-syntax-nullish-coalescing-operator@7.8.3","MIT","https://github.com/babel/babel/tree/master/packages/babel-plugin-syntax-nullish-coalescing-operator"
"@babel/plugin-syntax-numeric-separator@7.10.4","MIT","https://github.com/babel/babel"
"@babel/plugin-syntax-object-rest-spread@7.8.3","MIT","https://github.com/babel/babel/tree/master/packages/babel-plugin-syntax-object-rest-spread"
"@babel/plugin-syntax-optional-catch-binding@7.8.3","MIT","https://github.com/babel/babel/tree/master/packages/babel-plugin-syntax-optional-catch-binding"
"@babel/plugin-syntax-optional-chaining@7.8.3","MIT","https://github.com/babel/babel/tree/master/packages/babel-plugin-syntax-optional-chaining"
"@babel/plugin-syntax-top-level-await@7.10.4","MIT","https://github.com/babel/babel"
"@babel/plugin-transform-arrow-functions@7.10.4","MIT","https://github.com/babel/babel"
"@babel/plugin-transform-async-to-generator@7.10.4","MIT","https://github.com/babel/babel"
"@babel/plugin-transform-block-scoped-functions@7.10.4","MIT","https://github.com/babel/babel"
"@babel/plugin-transform-block-scoping@7.11.1","MIT","https://github.com/babel/babel"
"@babel/plugin-transform-classes@7.10.4","MIT","https://github.com/babel/babel"
"@babel/plugin-transform-computed-properties@7.10.4","MIT","https://github.com/babel/babel"
"@babel/plugin-transform-destructuring@7.10.4","MIT","https://github.com/babel/babel"
"@babel/plugin-transform-dotall-regex@7.10.4","MIT","https://github.com/babel/babel"
"@babel/plugin-transform-duplicate-keys@7.10.4","MIT","https://github.com/babel/babel"
"@babel/plugin-transform-exponentiation-operator@7.10.4","MIT","https://github.com/babel/babel"
"@babel/plugin-transform-for-of@7.10.4","MIT","https://github.com/babel/babel"
"@babel/plugin-transform-function-name@7.10.4","MIT","https://github.com/babel/babel"
"@babel/plugin-transform-literals@7.10.4","MIT","https://github.com/babel/babel"
"@babel/plugin-transform-member-expression-literals@7.10.4","MIT","https://github.com/babel/babel"
"@babel/plugin-transform-modules-amd@7.10.5","MIT","https://github.com/babel/babel"
"@babel/plugin-transform-modules-commonjs@7.10.4","MIT","https://github.com/babel/babel"
"@babel/plugin-transform-modules-systemjs@7.10.5","MIT","https://github.com/babel/babel"
"@babel/plugin-transform-modules-umd@7.10.4","MIT","https://github.com/babel/babel"
"@babel/plugin-transform-named-capturing-groups-regex@7.10.4","MIT","https://github.com/babel/babel"
"@babel/plugin-transform-new-target@7.10.4","MIT","https://github.com/babel/babel"
"@babel/plugin-transform-object-super@7.10.4","MIT","https://github.com/babel/babel"
"@babel/plugin-transform-parameters@7.10.5","MIT","https://github.com/babel/babel"
"@babel/plugin-transform-property-literals@7.10.4","MIT","https://github.com/babel/babel"
"@babel/plugin-transform-regenerator@7.10.4","MIT","https://github.com/babel/babel"
"@babel/plugin-transform-reserved-words@7.10.4","MIT","https://github.com/babel/babel"
"@babel/plugin-transform-shorthand-properties@7.10.4","MIT","https://github.com/babel/babel"
"@babel/plugin-transform-spread@7.11.0","MIT","https://github.com/babel/babel"
"@babel/plugin-transform-sticky-regex@7.10.4","MIT","https://github.com/babel/babel"
"@babel/plugin-transform-template-literals@7.10.5","MIT","https://github.com/babel/babel"
"@babel/plugin-transform-typeof-symbol@7.10.4","MIT","https://github.com/babel/babel"
"@babel/plugin-transform-unicode-escapes@7.10.4","MIT","https://github.com/babel/babel"
"@babel/plugin-transform-unicode-regex@7.10.4","MIT","https://github.com/babel/babel"
"@babel/preset-env@7.11.5","MIT","https://github.com/babel/babel"
"@babel/preset-modules@0.1.4","MIT",""
"@babel/register@7.11.5","MIT","https://github.com/babel/babel"
"@babel/runtime@7.11.2","MIT","https://github.com/babel/babel"
"@babel/template@7.10.4","MIT","https://github.com/babel/babel"
"@babel/traverse@7.11.5","MIT","https://github.com/babel/babel"
"@babel/types@7.11.5","MIT","https://github.com/babel/babel"
"@eslint/eslintrc@0.1.3","MIT","https://github.com/eslint/eslintrc"
"@octetstream/promisify@2.0.2","MIT","https://github.com/octet-stream/promisify"
"@oopsunome/fast-gitignore@1.1.1","MIT","https://github.com/iTonyYo/fast-gitignore"
"@samverschueren/stream-to-observable@0.3.1","MIT","https://github.com/SamVerschueren/stream-to-observable"
"@sindresorhus/df@1.0.1","MIT","https://github.com/sindresorhus/df"
"@sindresorhus/df@2.1.0","MIT","https://github.com/sindresorhus/df"
"@sindresorhus/is@2.1.1","MIT","https://github.com/sindresorhus/is"
"@snyk/cli-interface@2.9.1","Apache-2.0","https://github.com/snyk/snyk-cli-interface"
"@snyk/cli-interface@2.9.2","Apache-2.0","https://github.com/snyk/snyk-cli-interface"
"@snyk/cocoapods-lockfile-parser@3.5.2","Apache-2.0","https://github.com/snyk/cocoapods-lockfile-parser"
"@snyk/composer-lockfile-parser@1.4.1","Apache-2.0","https://github.com/snyk/composer-lockfile-parser"
"@snyk/dep-graph@1.19.4","Apache-2.0","https://github.com/snyk/dep-graph"
"@snyk/docker-registry-v2-client@1.13.5","Apache-2.0","https://github.com/snyk/docker-registry-v2-client"
"@snyk/gemfile@1.2.0","MIT","https://github.com/snyk/gemfile"
"@snyk/java-call-graph-builder@1.13.2","Apache-2.0","https://github.com/snyk/java-call-graph-builder"
"@snyk/rpm-parser@2.0.0","Apache-2.0","https://github.com/snyk/rpm-parser"
"@snyk/snyk-cocoapods-plugin@2.5.1","Apache-2.0","https://github.com/snyk/snyk-cocoapods-plugin"
"@snyk/snyk-docker-pull@3.2.0","Apache-2.0","https://github.com/snyk/docker-pull"
"@stroncium/procfs@1.2.1","CC0-1.0","https://github.com/stroncium/nodejs-procfs"
"@szmarczak/http-timer@4.0.5","MIT","https://github.com/szmarczak/http-timer"
"@types/cacheable-request@6.0.1","MIT","https://github.com/DefinitelyTyped/DefinitelyTyped"
"@types/debug@4.1.5","MIT","https://github.com/DefinitelyTyped/DefinitelyTyped"
"@types/graphlib@2.1.7","MIT","https://github.com/DefinitelyTyped/DefinitelyTyped"
"@types/hosted-git-info@2.7.0","MIT","https://github.com/DefinitelyTyped/DefinitelyTyped"
"@types/http-cache-semantics@4.0.0","MIT","https://github.com/DefinitelyTyped/DefinitelyTyped"
"@types/js-yaml@3.12.5","MIT","https://github.com/DefinitelyTyped/DefinitelyTyped"
"@types/json5@0.0.29","MIT","https://github.com/DefinitelyTyped/DefinitelyTyped"
"@types/keyv@3.1.1","MIT","https://github.com/DefinitelyTyped/DefinitelyTyped"
"@types/node@14.11.2","MIT","https://github.com/DefinitelyTyped/DefinitelyTyped"
"@types/node@6.14.12","MIT","https://github.com/DefinitelyTyped/DefinitelyTyped"
"@types/responselike@1.0.0","MIT","https://github.com/DefinitelyTyped/DefinitelyTyped"
"@types/semver@5.5.0","MIT","https://github.com/DefinitelyTyped/DefinitelyTyped"
"@yarnpkg/lockfile@1.1.0","BSD-2-Clause","https://github.com/yarnpkg/yarn/blob/master/packages/lockfile"
"abbrev@1.1.1","ISC","https://github.com/isaacs/abbrev-js"
"acorn-jsx@5.3.1","MIT","https://github.com/acornjs/acorn-jsx"
"acorn@7.4.0","MIT","https://github.com/acornjs/acorn"
"agent-base@4.2.1","MIT","https://github.com/TooTallNate/node-agent-base"
"agent-base@4.3.0","MIT","https://github.com/TooTallNate/node-agent-base"
"ajv@6.12.5","MIT","https://github.com/ajv-validator/ajv"
"ansi-colors@4.1.1","MIT","https://github.com/doowb/ansi-colors"
"ansi-escapes@3.2.0","MIT","https://github.com/sindresorhus/ansi-escapes"
"ansi-escapes@4.3.1","MIT","https://github.com/sindresorhus/ansi-escapes"
"ansi-regex@2.1.1","MIT","https://github.com/chalk/ansi-regex"
"ansi-regex@3.0.0","MIT","https://github.com/chalk/ansi-regex"
"ansi-regex@4.1.0","MIT","https://github.com/chalk/ansi-regex"
"ansi-regex@5.0.0","MIT","https://github.com/chalk/ansi-regex"
"ansi-styles@2.2.1","MIT","https://github.com/chalk/ansi-styles"
"ansi-styles@4.2.1","MIT","https://github.com/chalk/ansi-styles"
"ansicolors@0.3.2","MIT","https://github.com/thlorenz/ansicolors"
"any-observable@0.3.0","MIT","https://github.com/sindresorhus/any-observable"
"anymatch@2.0.0","ISC","https://github.com/micromatch/anymatch"
"archy@1.0.0","MIT","https://github.com/substack/node-archy"
"argparse@1.0.10","MIT","https://github.com/nodeca/argparse"
"arr-diff@4.0.0","MIT","https://github.com/jonschlinkert/arr-diff"
"arr-flatten@1.1.0","MIT","https://github.com/jonschlinkert/arr-flatten"
"arr-union@3.1.0","MIT","https://github.com/jonschlinkert/arr-union"
"array-find-index@1.0.2","MIT","https://github.com/sindresorhus/array-find-index"
"array-includes@3.1.1","MIT","https://github.com/es-shims/array-includes"
"array-union@1.0.2","MIT","https://github.com/sindresorhus/array-union"
"array-uniq@1.0.3","MIT","https://github.com/sindresorhus/array-uniq"
"array-unique@0.3.2","MIT","https://github.com/jonschlinkert/array-unique"
"array.prototype.flat@1.2.3","MIT","https://github.com/es-shims/Array.prototype.flat"
"asap@2.0.6","MIT","https://github.com/kriskowal/asap"
"asn1@0.2.4","MIT","https://github.com/joyent/node-asn1"
"assign-symbols@1.0.0","MIT","https://github.com/jonschlinkert/assign-symbols"
"ast-types@0.14.2","MIT","https://github.com/benjamn/ast-types"
"astral-regex@1.0.0","MIT","https://github.com/kevva/astral-regex"
"async-each@1.0.3","MIT","https://github.com/paulmillr/async-each"
"async@1.5.2","MIT","https://github.com/caolan/async"
"atob@2.1.2","(MIT OR Apache-2.0)","git://git.coolaj86.com/coolaj86/atob.js"
"auto-changelog@2.2.1","MIT","https://github.com/CookPete/auto-changelog"
"babel-eslint@10.1.0","MIT","https://github.com/babel/babel-eslint"
"babel-plugin-add-module-exports@1.0.4","MIT","https://github.com/59naga/babel-plugin-add-module-exports"
"babel-plugin-dynamic-import-node@2.3.3","MIT","https://github.com/airbnb/babel-plugin-dynamic-import-node"
"balanced-match@1.0.0","MIT","https://github.com/juliangruber/balanced-match"
"base64-js@1.3.1","MIT","https://github.com/beatgammit/base64-js"
"base@0.11.2","MIT","https://github.com/node-base/base"
"bcrypt-pbkdf@1.0.2","BSD-3-Clause","https://github.com/joyent/node-bcrypt-pbkdf"
"binary-extensions@1.13.1","MIT","https://github.com/sindresorhus/binary-extensions"
"bindings@1.5.0","MIT","https://github.com/TooTallNate/node-bindings"
"bl@4.0.3","MIT","https://github.com/rvagg/bl"
"brace-expansion@1.1.11","MIT","https://github.com/juliangruber/brace-expansion"
"braces@2.3.2","MIT","https://github.com/micromatch/braces"
"browserify-zlib@0.1.4","MIT","https://github.com/devongovett/browserify-zlib"
"browserslist@4.14.5","MIT","https://github.com/browserslist/browserslist"
"buffer-from@1.1.1","MIT","https://github.com/LinusU/buffer-from"
"buffer@5.6.0","MIT","https://github.com/feross/buffer"
"bytes@3.1.0","MIT","https://github.com/visionmedia/bytes.js"
"cache-base@1.0.1","MIT","https://github.com/jonschlinkert/cache-base"
"cacheable-lookup@5.0.3","MIT","https://github.com/szmarczak/cacheable-lookup"
"cacheable-request@7.0.1","MIT","https://github.com/lukechilds/cacheable-request"
"camelcase@2.1.1","MIT","https://github.com/sindresorhus/camelcase"
"caniuse-lite@1.0.30001137","CC-BY-4.0","https://github.com/ben-eb/caniuse-lite"
"chalk@1.1.3","MIT","https://github.com/chalk/chalk"
"chalk@2.4.2","MIT","https://github.com/chalk/chalk"
"chalk@3.0.0","MIT","https://github.com/chalk/chalk"
"chardet@0.7.0","MIT","https://github.com/runk/node-chardet"
"child-process@1.0.2","ISC","https://github.com/npm/security-holder"
"chokidar@2.1.8","MIT","https://github.com/paulmillr/chokidar"
"class-utils@0.3.6","MIT","https://github.com/jonschlinkert/class-utils"
"cli-cursor@2.1.0","MIT","https://github.com/sindresorhus/cli-cursor"
"cli-cursor@3.1.0","MIT","https://github.com/sindresorhus/cli-cursor"
"cli-spinner@0.2.10","MIT","https://github.com/helloIAmPau/node-spinner"
"cli-truncate@0.2.1","MIT","https://github.com/sindresorhus/cli-truncate"
"cli-width@3.0.0","ISC","https://github.com/knownasilya/cli-width"
"cliui@3.2.0","ISC","https://github.com/yargs/cliui"
"co@4.6.0","MIT","https://github.com/tj/co"
"code-point-at@1.1.0","MIT","https://github.com/sindresorhus/code-point-at"
"collection-visit@1.0.0","MIT","https://github.com/jonschlinkert/collection-visit"
"color-convert@2.0.1","MIT","https://github.com/Qix-/color-convert"
"color-name@1.1.4","MIT","https://github.com/colorjs/color-name"
"commander@4.1.1","MIT","https://github.com/tj/commander.js"
"commander@5.1.0","MIT","https://github.com/tj/commander.js"
"commondir@1.0.1","MIT","https://github.com/substack/node-commondir"
"component-emitter@1.3.0","MIT","https://github.com/component/emitter"
"concat-map@0.0.1","MIT","https://github.com/substack/node-concat-map"
"confusing-browser-globals@1.0.9","MIT","https://github.com/facebook/create-react-app"
"contains-path@0.1.0","MIT","https://github.com/jonschlinkert/contains-path"
"convert-source-map@1.7.0","MIT","https://github.com/thlorenz/convert-source-map"
"copy-descriptor@0.1.1","MIT","https://github.com/jonschlinkert/copy-descriptor"
"core-js-compat@3.6.5","MIT","https://github.com/zloirock/core-js"
"core-js@3.6.5","MIT","https://github.com/zloirock/core-js"
"core-util-is@1.0.2","MIT","https://github.com/isaacs/core-util-is"
"cp-file@6.2.0","MIT","https://github.com/sindresorhus/cp-file"
"cross-spawn-async@2.2.5","MIT","https://github.com/IndigoUnited/node-cross-spawn-async"
"cross-spawn@6.0.5","MIT","https://github.com/moxystudio/node-cross-spawn"
"cross-spawn@7.0.3","MIT","https://github.com/moxystudio/node-cross-spawn"
"data-uri-to-buffer@1.2.0","MIT","https://github.com/TooTallNate/node-data-uri-to-buffer"
"date-fns@1.30.1","MIT","https://github.com/date-fns/date-fns"
"debug@2.6.9","MIT","https://github.com/visionmedia/debug"
"debug@3.1.0","MIT","https://github.com/visionmedia/debug"
"debug@3.2.6","MIT","https://github.com/visionmedia/debug"
"debug@4.2.0","MIT","https://github.com/visionmedia/debug"
"debuglog@1.0.1","MIT","https://github.com/sam-github/node-debuglog"
"decode-uri-component@0.2.0","MIT","https://github.com/SamVerschueren/decode-uri-component"
"decompress-response@6.0.0","MIT","https://github.com/sindresorhus/decompress-response"
"deep-is@0.1.3","MIT","https://github.com/thlorenz/deep-is"
"defer-to-connect@2.0.0","MIT","https://github.com/szmarczak/defer-to-connect"
"define-properties@1.1.3","MIT","https://github.com/ljharb/define-properties"
"define-property@0.2.5","MIT","https://github.com/jonschlinkert/define-property"
"define-property@1.0.0","MIT","https://github.com/jonschlinkert/define-property"
"define-property@2.0.2","MIT","https://github.com/jonschlinkert/define-property"
"degenerator@1.0.4","MIT","https://github.com/TooTallNate/node-degenerator"
"depd@1.1.2","MIT","https://github.com/dougwilson/nodejs-depd"
"dezalgo@1.0.3","ISC","https://github.com/npm/dezalgo"
"diff@4.0.2","BSD-3-Clause","https://github.com/kpdecker/jsdiff"
"dir-glob@2.2.2","MIT","https://github.com/kevva/dir-glob"
"docker-modem@2.1.3","Apache-2.0","https://github.com/apocas/docker-modem"
"dockerfile-ast@0.0.30","MIT","https://github.com/rcjsuen/dockerfile-ast"
"doctrine@1.5.0","BSD","https://github.com/eslint/doctrine"
"doctrine@3.0.0","Apache-2.0","https://github.com/eslint/doctrine"
"dotnet-deps-parser@5.0.0","Apache-2.0","https://github.com/snyk/dotnet-deps-parser"
"duplexify@3.7.1","MIT","https://github.com/mafintosh/duplexify"
"electron-to-chromium@1.3.575","ISC","https://github.com/kilian/electron-to-chromium"
"elegant-spinner@1.0.1","MIT","https://github.com/sindresorhus/elegant-spinner"
"email-validator@2.0.4","MIT","https://github.com/manishsaraan/email-validator"
"emoji-regex@8.0.0","MIT","https://github.com/mathiasbynens/emoji-regex"
"enquirer@2.3.6","MIT","https://github.com/enquirer/enquirer"
"es-abstract@1.17.6","MIT","https://github.com/ljharb/es-abstract"
"es-abstract@1.18.0-next.0","MIT","https://github.com/ljharb/es-abstract"
"es-to-primitive@1.2.1","MIT","https://github.com/ljharb/es-to-primitive"
"es6-promise@4.2.8","MIT","https://github.com/stefanpenner/es6-promise"
"es6-promisify@5.0.0","MIT","https://github.com/digitaldesignlabs/es6-promisify"
"escalade@3.1.0","MIT","https://github.com/lukeed/escalade"
"escodegen@1.14.3","BSD-2-Clause","https://github.com/estools/escodegen"
"eslint-config-airbnb-base@14.2.0","MIT","https://github.com/airbnb/javascript"
"eslint-import-resolver-node@0.3.4","MIT","https://github.com/benmosher/eslint-plugin-import"
"eslint-module-utils@2.6.0","MIT","https://github.com/benmosher/eslint-plugin-import"
"eslint-plugin-import@2.22.1","MIT","https://github.com/benmosher/eslint-plugin-import"
"eslint-scope@5.1.1","BSD-2-Clause","https://github.com/eslint/eslint-scope"
"eslint-utils@2.1.0","MIT","https://github.com/mysticatea/eslint-utils"
"eslint-visitor-keys@1.3.0","Apache-2.0","https://github.com/eslint/eslint-visitor-keys"
"eslint@7.10.0","MIT","https://github.com/eslint/eslint"
"espree@7.3.0","BSD-2-Clause","https://github.com/eslint/espree"
"esprima@3.1.3","BSD-2-Clause","https://github.com/jquery/esprima"
"esprima@4.0.1","BSD-2-Clause","https://github.com/jquery/esprima"
"esquery@1.3.1","BSD-3-Clause","https://github.com/estools/esquery"
"esrecurse@4.3.0","BSD-2-Clause","https://github.com/estools/esrecurse"
"estraverse@4.3.0","BSD-2-Clause","https://github.com/estools/estraverse"
"estraverse@5.2.0","BSD-2-Clause","https://github.com/estools/estraverse"
"esutils@2.0.3","BSD-2-Clause","https://github.com/estools/esutils"
"event-loop-spinner@2.0.0","MIT","https://github.com/snyk/eventloop-spinner"
"execa@0.2.2","MIT","https://github.com/sindresorhus/execa"
"execa@1.0.0","MIT","https://github.com/sindresorhus/execa"
"execa@4.0.3","MIT","https://github.com/sindresorhus/execa"
"expand-brackets@2.1.4","MIT","https://github.com/jonschlinkert/expand-brackets"
"extend-shallow@2.0.1","MIT","https://github.com/jonschlinkert/extend-shallow"
"extend-shallow@3.0.2","MIT","https://github.com/jonschlinkert/extend-shallow"
"extend@3.0.2","MIT","https://github.com/justmoon/node-extend"
"external-editor@3.1.0","MIT","https://github.com/mrkmg/node-external-editor"
"extglob@2.0.4","MIT","https://github.com/micromatch/extglob"
"fast-deep-equal@3.1.3","MIT","https://github.com/epoberezkin/fast-deep-equal"
"fast-json-stable-stringify@2.1.0","MIT","https://github.com/epoberezkin/fast-json-stable-stringify"
"fast-levenshtein@2.0.6","MIT","https://github.com/hiddentao/fast-levenshtein"
"figures@1.7.0","MIT","https://github.com/sindresorhus/figures"
"figures@2.0.0","MIT","https://github.com/sindresorhus/figures"
"figures@3.2.0","MIT","https://github.com/sindresorhus/figures"
"file-entry-cache@5.0.1","MIT","https://github.com/royriojas/file-entry-cache"
"file-uri-to-path@1.0.0","MIT","https://github.com/TooTallNate/file-uri-to-path"
"fill-range@4.0.0","MIT","https://github.com/jonschlinkert/fill-range"
"find-cache-dir@2.1.0","MIT","https://github.com/avajs/find-cache-dir"
"find-up@2.1.0","MIT","https://github.com/sindresorhus/find-up"
"find-up@3.0.0","MIT","https://github.com/sindresorhus/find-up"
"flat-cache@2.0.1","MIT","https://github.com/royriojas/flat-cache"
"flatted@2.0.2","ISC","https://github.com/WebReflection/flatted"
"for-in@1.0.2","MIT","https://github.com/jonschlinkert/for-in"
"fragment-cache@0.2.1","MIT","https://github.com/jonschlinkert/fragment-cache"
"fs-constants@1.0.0","MIT","https://github.com/mafintosh/fs-constants"
"fs-readdir-recursive@1.1.0","MIT","https://github.com/fs-utils/fs-readdir-recursive"
"fs.realpath@1.0.0","ISC","https://github.com/isaacs/fs.realpath"
"fsevents@1.2.13","MIT","https://github.com/strongloop/fsevents"
"ftp@0.3.10","MIT","https://github.com/mscdex/node-ftp"
"function-bind@1.1.1","MIT","https://github.com/Raynos/function-bind"
"functional-red-black-tree@1.0.1","MIT","https://github.com/mikolalysenko/functional-red-black-tree"
"gensync@1.0.0-beta.1","MIT",""
"get-stream@4.1.0","MIT","https://github.com/sindresorhus/get-stream"
"get-stream@5.2.0","MIT","https://github.com/sindresorhus/get-stream"
"get-uri@2.0.4","MIT","https://github.com/TooTallNate/node-get-uri"
"get-value@2.0.6","MIT","https://github.com/jonschlinkert/get-value"
"glob-parent@3.1.0","ISC","https://github.com/es128/glob-parent"
"glob@7.1.6","ISC","https://github.com/isaacs/node-glob"
"globals@11.12.0","MIT","https://github.com/sindresorhus/globals"
"globals@12.4.0","MIT","https://github.com/sindresorhus/globals"
"globby@7.1.1","MIT","https://github.com/sindresorhus/globby"
"got@11.4.0","MIT","https://github.com/sindresorhus/got"
"graphlib@2.1.8","MIT","https://github.com/dagrejs/graphlib"
"gunzip-maybe@1.4.2","MIT","https://github.com/mafintosh/gunzip-maybe"
"handlebars@4.7.6","MIT","https://github.com/wycats/handlebars.js"
"has-ansi@2.0.0","MIT","https://github.com/sindresorhus/has-ansi"
"has-flag@3.0.0","MIT","https://github.com/sindresorhus/has-flag"
"has-symbols@1.0.1","MIT","https://github.com/ljharb/has-symbols"
"has-value@0.3.1","MIT","https://github.com/jonschlinkert/has-value"
"has-value@1.0.0","MIT","https://github.com/jonschlinkert/has-value"
"has-values@0.1.4","MIT","https://github.com/jonschlinkert/has-values"
"has-values@1.0.0","MIT","https://github.com/jonschlinkert/has-values"
"has@1.0.3","MIT","https://github.com/tarruda/has"
"homedir-polyfill@1.0.3","MIT","https://github.com/doowb/homedir-polyfill"
"hosted-git-info@3.0.5","ISC","https://github.com/npm/hosted-git-info"
"http-errors@1.7.3","MIT","https://github.com/jshttp/http-errors"
"http-proxy-agent@2.1.0","MIT","https://github.com/TooTallNate/node-http-proxy-agent"
"http2-wrapper@1.0.0-beta.5.2","MIT","https://github.com/szmarczak/http2-wrapper"
"https-proxy-agent@3.0.1","MIT","https://github.com/TooTallNate/node-https-proxy-agent"
"human-signals@1.1.1","Apache-2.0","https://github.com/ehmicky/human-signals"
"iconv-lite@0.4.24","MIT","https://github.com/ashtuchkin/iconv-lite"
"ieee754@1.1.13","BSD-3-Clause","https://github.com/feross/ieee754"
"ignore@3.3.10","MIT","https://github.com/kaelzhang/node-ignore"
"ignore@4.0.6","MIT","https://github.com/kaelzhang/node-ignore"
"immediate@3.0.6","MIT","https://github.com/calvinmetcalf/immediate"
"indent-string@3.2.0","MIT","https://github.com/sindresorhus/indent-string"
"inflight@1.0.6","ISC","https://github.com/npm/inflight"
"inherits@2.0.4","ISC","https://github.com/isaacs/inherits"
"inquirer@7.3.3","MIT","https://github.com/SBoudrias/Inquirer.js"
"invariant@2.2.4","MIT","https://github.com/zertosh/invariant"
"invert-kv@1.0.0","MIT","https://github.com/sindresorhus/invert-kv"
"ip@1.1.5","MIT","https://github.com/indutny/node-ip"
"is-accessor-descriptor@0.1.6","MIT","https://github.com/jonschlinkert/is-accessor-descriptor"
"is-accessor-descriptor@1.0.0","MIT","https://github.com/jonschlinkert/is-accessor-descriptor"
"is-binary-path@1.0.1","MIT","https://github.com/sindresorhus/is-binary-path"
"is-buffer@1.1.6","MIT","https://github.com/feross/is-buffer"
"is-callable@1.2.2","MIT","https://github.com/ljharb/is-callable"
"is-data-descriptor@0.1.4","MIT","https://github.com/jonschlinkert/is-data-descriptor"
"is-data-descriptor@1.0.0","MIT","https://github.com/jonschlinkert/is-data-descriptor"
"is-date-object@1.0.2","MIT","https://github.com/ljharb/is-date-object"
"is-deflate@1.0.0","MIT","https://github.com/watson/is-deflate"
"is-descriptor@0.1.6","MIT","https://github.com/jonschlinkert/is-descriptor"
"is-descriptor@1.0.2","MIT","https://github.com/jonschlinkert/is-descriptor"
"is-docker@2.1.1","MIT","https://github.com/sindresorhus/is-docker"
"is-extendable@0.1.1","MIT","https://github.com/jonschlinkert/is-extendable"
"is-extendable@1.0.1","MIT","https://github.com/jonschlinkert/is-extendable"
"is-fullwidth-code-point@1.0.0","MIT","https://github.com/sindresorhus/is-fullwidth-code-point"
"is-fullwidth-code-point@3.0.0","MIT","https://github.com/sindresorhus/is-fullwidth-code-point"
"is-glob@3.1.0","MIT","https://github.com/jonschlinkert/is-glob"
"is-gzip@1.0.0","MIT","https://github.com/kevva/is-gzip"
"is-negative-zero@2.0.0","MIT","https://github.com/ljharb/is-negative-zero"
"is-number@3.0.0","MIT","https://github.com/jonschlinkert/is-number"
"is-observable@1.1.0","MIT","https://github.com/sindresorhus/is-observable"
"is-plain-object@2.0.4","MIT","https://github.com/jonschlinkert/is-plain-object"
"is-promise@2.2.2","MIT","https://github.com/then/is-promise"
"is-regex@1.1.1","MIT","https://github.com/ljharb/is-regex"
"is-stream@1.1.0","MIT","https://github.com/sindresorhus/is-stream"
"is-stream@2.0.0","MIT","https://github.com/sindresorhus/is-stream"
"is-string@1.0.5","MIT","https://github.com/ljharb/is-string"
"is-symbol@1.0.3","MIT","https://github.com/inspect-js/is-symbol"
"is-windows@1.0.2","MIT","https://github.com/jonschlinkert/is-windows"
"is-wsl@2.2.0","MIT","https://github.com/sindresorhus/is-wsl"
"isarray@0.0.1","MIT","https://github.com/juliangruber/isarray"
"isarray@1.0.0","MIT","https://github.com/juliangruber/isarray"
"isexe@2.0.0","ISC","https://github.com/isaacs/isexe"
"isobject@2.1.0","MIT","https://github.com/jonschlinkert/isobject"
"isobject@3.0.1","MIT","https://github.com/jonschlinkert/isobject"
"js-yaml@3.14.0","MIT","https://github.com/nodeca/js-yaml"
"jsesc@0.5.0","MIT","https://github.com/mathiasbynens/jsesc"
"jsesc@2.5.2","MIT","https://github.com/mathiasbynens/jsesc"
"json-buffer@3.0.1","MIT","https://github.com/dominictarr/json-buffer"
"json-schema-traverse@0.4.1","MIT","https://github.com/epoberezkin/json-schema-traverse"
"json-stable-stringify-without-jsonify@1.0.1","MIT","https://github.com/samn/json-stable-stringify"
"json5@1.0.1","MIT","https://github.com/json5/json5"
"json5@2.1.3","MIT","https://github.com/json5/json5"
"jszip@3.4.0","(MIT OR GPL-3.0)","https://github.com/Stuk/jszip"
"jszip@3.5.0","(MIT OR GPL-3.0)","https://github.com/Stuk/jszip"
"keyv@4.0.3","MIT","https://github.com/lukechilds/keyv"
"kind-of@3.2.2","MIT","https://github.com/jonschlinkert/kind-of"
"kind-of@4.0.0","MIT","https://github.com/jonschlinkert/kind-of"
"kind-of@5.1.0","MIT","https://github.com/jonschlinkert/kind-of"
"kind-of@6.0.3","MIT","https://github.com/jonschlinkert/kind-of"
"lcid@1.0.0","MIT","https://github.com/sindresorhus/lcid"
"leven@3.1.0","MIT","https://github.com/sindresorhus/leven"
"levenary@1.1.1","MIT","https://github.com/tanhauhau/levenary"
"levn@0.3.0","MIT","https://github.com/gkz/levn"
"levn@0.4.1","MIT","https://github.com/gkz/levn"
"license-checker@25.0.1","BSD-3-Clause","https://github.com/davglass/license-checker"
"lie@3.3.0","MIT","https://github.com/calvinmetcalf/lie"
"listr-silent-renderer@1.1.1","MIT","https://github.com/SamVerschueren/listr-silent-renderer"
"listr-update-renderer@0.5.0","MIT","https://github.com/SamVerschueren/listr-update-renderer"
"listr-verbose-renderer@0.5.0","MIT","https://github.com/SamVerschueren/listr-verbose-renderer"
"listr@0.14.3","MIT","https://github.com/SamVerschueren/listr"
"load-json-file@2.0.0","MIT","https://github.com/sindresorhus/load-json-file"
"locate-path@2.0.0","MIT","https://github.com/sindresorhus/locate-path"
"locate-path@3.0.0","MIT","https://github.com/sindresorhus/locate-path"
"lodash.assign@4.2.0","MIT","https://github.com/lodash/lodash"
"lodash.assignin@4.2.0","MIT","https://github.com/lodash/lodash"
"lodash.clone@4.5.0","MIT","https://github.com/lodash/lodash"
"lodash.clonedeep@4.5.0","MIT","https://github.com/lodash/lodash"
"lodash.findkey@4.6.0","MIT","https://github.com/lodash/lodash"
"lodash.flatmap@4.5.0","MIT","https://github.com/lodash/lodash"
"lodash.flatten@4.4.0","MIT","https://github.com/lodash/lodash"
"lodash.get@4.4.2","MIT","https://github.com/lodash/lodash"
"lodash.invert@4.3.0","MIT","https://github.com/lodash/lodash"
"lodash.isempty@4.4.0","MIT","https://github.com/lodash/lodash"
"lodash.isequal@4.5.0","MIT","https://github.com/lodash/lodash"
"lodash.merge@4.6.2","MIT","https://github.com/lodash/lodash"
"lodash.set@4.3.2","MIT","https://github.com/lodash/lodash"
"lodash.topairs@4.3.0","MIT","https://github.com/lodash/lodash"
"lodash.uniq@4.5.0","MIT","https://github.com/lodash/lodash"
"lodash.uniqby@4.7.0","MIT","https://github.com/lodash/lodash"
"log-symbols@1.0.2","MIT","https://github.com/sindresorhus/log-symbols"
"log-update@2.3.0","MIT","https://github.com/sindresorhus/log-update"
"loose-envify@1.4.0","MIT","https://github.com/zertosh/loose-envify"
"lowercase-keys@2.0.0","MIT","https://github.com/sindresorhus/lowercase-keys"
"lru-cache@4.1.5","ISC","https://github.com/isaacs/node-lru-cache"
"lru-cache@5.1.1","ISC","https://github.com/isaacs/node-lru-cache"
"lru-cache@6.0.0","ISC","https://github.com/isaacs/node-lru-cache"
"macos-release@2.4.1","MIT","https://github.com/sindresorhus/macos-release"
"make-dir@2.1.0","MIT","https://github.com/sindresorhus/make-dir"
"map-cache@0.2.2","MIT","https://github.com/jonschlinkert/map-cache"
"map-visit@1.0.0","MIT","https://github.com/jonschlinkert/map-visit"
"merge-stream@2.0.0","MIT","https://github.com/grncdr/merge-stream"
"micromatch@3.1.10","MIT","https://github.com/micromatch/micromatch"
"mimic-fn@1.2.0","MIT","https://github.com/sindresorhus/mimic-fn"
"mimic-fn@2.1.0","MIT","https://github.com/sindresorhus/mimic-fn"
"mimic-response@3.1.0","MIT","https://github.com/sindresorhus/mimic-response"
"minimatch@3.0.4","ISC","https://github.com/isaacs/minimatch"
"mixin-deep@1.3.2","MIT","https://github.com/jonschlinkert/mixin-deep"
"mkdirp@0.5.5","MIT","https://github.com/substack/node-mkdirp"
"mkdirp@1.0.4","MIT","https://github.com/isaacs/node-mkdirp"
"mount-point@3.0.0","MIT","https://github.com/kevva/mount-point"
"move-file@1.2.0","MIT","https://github.com/sindresorhus/move-file"
"ms@2.0.0","MIT","https://github.com/zeit/ms"
"ms@2.1.2","MIT","https://github.com/zeit/ms"
"mute-stream@0.0.8","ISC","https://github.com/isaacs/mute-stream"
"nan@2.14.1","MIT","https://github.com/nodejs/nan"
"nanomatch@1.2.13","MIT","https://github.com/micromatch/nanomatch"
"natural-compare@1.4.0","MIT","https://github.com/litejs/natural-compare-lite"
"nconf@0.10.0","MIT","https://github.com/flatiron/nconf"
"needle@2.5.0","MIT","https://github.com/tomas/needle"
"needle@2.5.2","MIT","https://github.com/tomas/needle"
"neo-async@2.6.2","MIT","https://github.com/suguru03/neo-async"
"nested-error-stacks@2.1.0","MIT","https://github.com/mdlavin/nested-error-stacks"
"netmask@1.0.6","MIT","https://github.com/rs/node-netmask"
"nice-try@1.0.5","MIT","https://github.com/electerious/nice-try"
"node-environment-flags@1.0.6","Apache-2.0","https://github.com/boneskull/node-environment-flags"
"node-fetch@2.6.1","MIT","https://github.com/bitinn/node-fetch"
"node-modules-regexp@1.0.0","MIT","https://github.com/jamestalmage/node-modules-regexp"
"node-releases@1.1.61","MIT","https://github.com/chicoxyzzy/node-releases"
"nopt@4.0.3","ISC","https://github.com/npm/nopt"
"normalize-path@2.1.1","MIT","https://github.com/jonschlinkert/normalize-path"
"normalize-path@3.0.0","MIT","https://github.com/jonschlinkert/normalize-path"
"npm-normalize-package-bin@1.0.1","ISC","https://github.com/npm/npm-normalize-package-bin"
"npm-run-path@1.0.0","MIT","https://github.com/sindresorhus/npm-run-path"
"npm-run-path@2.0.2","MIT","https://github.com/sindresorhus/npm-run-path"
"npm-run-path@4.0.1","MIT","https://github.com/sindresorhus/npm-run-path"
"number-is-nan@1.0.1","MIT","https://github.com/sindresorhus/number-is-nan"
"object-assign@4.1.1","MIT","https://github.com/sindresorhus/object-assign"
"object-copy@0.1.0","MIT","https://github.com/jonschlinkert/object-copy"
"object-hash@2.0.3","MIT","https://github.com/puleos/object-hash"
"object-inspect@1.8.0","MIT","https://github.com/inspect-js/object-inspect"
"object-keys@1.1.1","MIT","https://github.com/ljharb/object-keys"
"object-visit@1.0.1","MIT","https://github.com/jonschlinkert/object-visit"
"object.assign@4.1.1","MIT","https://github.com/ljharb/object.assign"
"object.entries@1.1.2","MIT","https://github.com/es-shims/Object.entries"
"object.getownpropertydescriptors@2.1.0","MIT","https://github.com/es-shims/object.getownpropertydescriptors"
"object.pick@1.3.0","MIT","https://github.com/jonschlinkert/object.pick"
"object.values@1.1.1","MIT","https://github.com/es-shims/Object.values"
"onetime@2.0.1","MIT","https://github.com/sindresorhus/onetime"
"onetime@5.1.2","MIT","https://github.com/sindresorhus/onetime"
"open@7.2.1","MIT","https://github.com/sindresorhus/open"
"optionator@0.8.3","MIT","https://github.com/gkz/optionator"
"optionator@0.9.1","MIT","https://github.com/gkz/optionator"
"os-homedir@1.0.2","MIT","https://github.com/sindresorhus/os-homedir"
"os-locale@1.4.0","MIT","https://github.com/sindresorhus/os-locale"
"os-name@3.1.0","MIT","https://github.com/sindresorhus/os-name"
"os-tmpdir@1.0.2","MIT","https://github.com/sindresorhus/os-tmpdir"
"osenv@0.1.5","ISC","https://github.com/npm/osenv"
"p-cancelable@2.0.0","MIT","https://github.com/sindresorhus/p-cancelable"
"p-finally@1.0.0","MIT","https://github.com/sindresorhus/p-finally"
"p-limit@1.3.0","MIT","https://github.com/sindresorhus/p-limit"
"p-locate@2.0.0","MIT","https://github.com/sindresorhus/p-locate"
"p-locate@3.0.0","MIT","https://github.com/sindresorhus/p-locate"
"p-map@2.1.0","MIT","https://github.com/sindresorhus/p-map"
"p-map@3.0.0","MIT","https://github.com/sindresorhus/p-map"
"p-try@1.0.0","MIT","https://github.com/sindresorhus/p-try"
"pac-proxy-agent@3.0.1","MIT","https://github.com/TooTallNate/node-pac-proxy-agent"
"pac-resolver@3.0.0","MIT","https://github.com/TooTallNate/node-pac-resolver"
"pako@0.2.9","MIT","https://github.com/nodeca/pako"
"pako@1.0.11","(MIT AND Zlib)","https://github.com/nodeca/pako"
"parse-github-url@1.0.2","MIT","https://github.com/jonschlinkert/parse-github-url"
"parse-json@2.2.0","MIT","https://github.com/sindresorhus/parse-json"
"parse-link-header@1.0.1","MIT","https://github.com/thlorenz/parse-link-header"
"parse-passwd@1.0.0","MIT","https://github.com/doowb/parse-passwd"
"pascalcase@0.1.1","MIT","https://github.com/jonschlinkert/pascalcase"
"path-dirname@1.0.2","MIT","https://github.com/es128/path-dirname"
"path-exists@3.0.0","MIT","https://github.com/sindresorhus/path-exists"
"path-is-absolute@1.0.1","MIT","https://github.com/sindresorhus/path-is-absolute"
"path-key@1.0.0","MIT","https://github.com/sindresorhus/path-key"
"path-key@2.0.1","MIT","https://github.com/sindresorhus/path-key"
"path-key@3.1.1","MIT","https://github.com/sindresorhus/path-key"
"path-type@2.0.0","MIT","https://github.com/sindresorhus/path-type"
"path-type@3.0.0","MIT","https://github.com/sindresorhus/path-type"
"peek-stream@1.1.3","MIT","https://github.com/mafintosh/peek-stream"
"pify@2.3.0","MIT","https://github.com/sindresorhus/pify"
"pify@3.0.0","MIT","https://github.com/sindresorhus/pify"
"pify@4.0.1","MIT","https://github.com/sindresorhus/pify"
"pinkie-promise@2.0.1","MIT","https://github.com/floatdrop/pinkie-promise"
"pinkie@2.0.4","MIT","https://github.com/floatdrop/pinkie"
"pirates@4.0.1","MIT","https://github.com/ariporad/pirates"
"pkg-dir@2.0.0","MIT","https://github.com/sindresorhus/pkg-dir"
"pkg-dir@3.0.0","MIT","https://github.com/sindresorhus/pkg-dir"
"posix-character-classes@0.1.1","MIT","https://github.com/jonschlinkert/posix-character-classes"
"prelude-ls@1.1.2","MIT","https://github.com/gkz/prelude-ls"
"prelude-ls@1.2.1","MIT","https://github.com/gkz/prelude-ls"
"process-nextick-args@2.0.1","MIT","https://github.com/calvinmetcalf/process-nextick-args"
"progress@2.0.3","MIT","https://github.com/visionmedia/node-progress"
"promise-fs@2.1.1","MIT","https://github.com/octet-stream/promise-fs"
"promise@7.3.1","MIT","https://github.com/then/promise"
"proxy-agent@3.1.1","MIT","https://github.com/TooTallNate/node-proxy-agent"
"proxy-from-env@1.1.0","MIT","https://github.com/Rob--W/proxy-from-env"
"pseudomap@1.0.2","ISC","https://github.com/isaacs/pseudomap"
"pump@2.0.1","MIT","https://github.com/mafintosh/pump"
"pumpify@1.5.1","MIT","https://github.com/mafintosh/pumpify"
"punycode@2.1.1","MIT","https://github.com/bestiejs/punycode.js"
"quick-lru@5.1.1","MIT","https://github.com/sindresorhus/quick-lru"
"raw-body@2.4.1","MIT","https://github.com/stream-utils/raw-body"
"read-installed@4.0.3","ISC","https://github.com/isaacs/read-installed"
"read-package-json@2.1.2","ISC","https://github.com/npm/read-package-json"
"read-pkg-up@2.0.0","MIT","https://github.com/sindresorhus/read-pkg-up"
"read-pkg@2.0.0","MIT","https://github.com/sindresorhus/read-pkg"
"readable-stream@1.1.14","MIT","https://github.com/isaacs/readable-stream"
"readable-stream@2.3.7","MIT","https://github.com/nodejs/readable-stream"
"readable-stream@3.6.0","MIT","https://github.com/nodejs/readable-stream"
"readdir-scoped-modules@1.1.0","ISC","https://github.com/npm/readdir-scoped-modules"
"readdirp@2.2.1","MIT","https://github.com/paulmillr/readdirp"
"regenerate-unicode-properties@8.2.0","MIT","https://github.com/mathiasbynens/regenerate-unicode-properties"
"regenerate@1.4.1","MIT","https://github.com/mathiasbynens/regenerate"
"regenerator-runtime@0.13.7","MIT","https://github.com/facebook/regenerator/tree/master/packages/regenerator-runtime"
"regenerator-transform@0.14.5","MIT","https://github.com/facebook/regenerator/tree/master/packages/regenerator-transform"
"regex-not@1.0.2","MIT","https://github.com/jonschlinkert/regex-not"
"regexpp@3.1.0","MIT","https://github.com/mysticatea/regexpp"
"regexpu-core@4.7.1","MIT","https://github.com/mathiasbynens/regexpu-core"
"regjsgen@0.5.2","MIT","https://github.com/bnjmnt4n/regjsgen"
"regjsparser@0.6.4","BSD-2-Clause","https://github.com/jviereck/regjsparser"
"remove-trailing-separator@1.1.0","ISC","https://github.com/darsain/remove-trailing-separator"
"repeat-element@1.1.3","MIT","https://github.com/jonschlinkert/repeat-element"
"repeat-string@1.6.1","MIT","https://github.com/jonschlinkert/repeat-string"
"resolve-alpn@1.0.0","MIT","https://github.com/szmarczak/resolve-alpn"
"resolve-url@0.2.1","MIT","https://github.com/lydell/resolve-url"
"responselike@2.0.0","MIT","https://github.com/lukechilds/responselike"
"restore-cursor@2.0.0","MIT","https://github.com/sindresorhus/restore-cursor"
"restore-cursor@3.1.0","MIT","https://github.com/sindresorhus/restore-cursor"
"ret@0.1.15","MIT","https://github.com/fent/ret.js"
"rimraf@2.6.3","ISC","https://github.com/isaacs/rimraf"
"rimraf@2.7.1","ISC","https://github.com/isaacs/rimraf"
"rimraf@3.0.2","ISC","https://github.com/isaacs/rimraf"
"run-async@2.4.1","MIT","https://github.com/SBoudrias/run-async"
"rxjs@6.6.3","Apache-2.0","https://github.com/reactivex/rxjs"
"safe-buffer@5.1.2","MIT","https://github.com/feross/safe-buffer"
"safe-buffer@5.2.1","MIT","https://github.com/feross/safe-buffer"
"safe-regex@1.1.0","MIT","https://github.com/substack/safe-regex"
"safer-buffer@2.1.2","MIT","https://github.com/ChALkeR/safer-buffer"
"sax@1.2.4","ISC","https://github.com/isaacs/sax-js"
"secure-keys@1.0.0","MIT",""
"semver@6.3.0","ISC","https://github.com/npm/node-semver"
"semver@7.0.0","ISC","https://github.com/npm/node-semver"
"semver@7.3.2","ISC","https://github.com/npm/node-semver"
"set-immediate-shim@1.0.1","MIT","https://github.com/sindresorhus/set-immediate-shim"
"set-value@2.0.1","MIT","https://github.com/jonschlinkert/set-value"
"setprototypeof@1.1.1","ISC","https://github.com/wesleytodd/setprototypeof"
"shebang-command@1.2.0","MIT","https://github.com/kevva/shebang-command"
"shebang-command@2.0.0","MIT","https://github.com/kevva/shebang-command"
"shebang-regex@1.0.0","MIT","https://github.com/sindresorhus/shebang-regex"
"shebang-regex@3.0.0","MIT","https://github.com/sindresorhus/shebang-regex"
"slash@1.0.0","MIT","https://github.com/sindresorhus/slash"
"slash@2.0.0","MIT","https://github.com/sindresorhus/slash"
"slice-ansi@0.0.4","MIT","https://github.com/chalk/slice-ansi"
"slice-ansi@2.1.0","MIT","https://github.com/chalk/slice-ansi"
"slide@1.1.6","ISC","https://github.com/isaacs/slide-flow-control"
"smart-buffer@4.1.0","MIT","https://github.com/JoshGlazebrook/smart-buffer"
"snapdragon-node@2.1.1","MIT","https://github.com/jonschlinkert/snapdragon-node"
"snapdragon-util@3.0.1","MIT","https://github.com/jonschlinkert/snapdragon-util"
"snapdragon@0.8.2","MIT","https://github.com/jonschlinkert/snapdragon"
"snyk-config@3.1.1","Apache-2.0","https://github.com/snyk/config"
"snyk-cpp-plugin@2.0.0","Apache-2.0","https://github.com/snyk/snyk-cpp-plugin"
"snyk-docker-plugin@3.24.0","Apache-2.0","https://github.com/snyk/snyk-docker-plugin"
"snyk-go-parser@1.4.1","Apache-2.0","https://github.com/snyk/snyk-go-parser"
"snyk-go-plugin@1.16.2","Apache-2.0","https://github.com/snyk/snyk-go-plugin"
"snyk-gradle-plugin@3.6.3","Apache-2.0","https://github.com/snyk/snyk-gradle-plugin"
"snyk-module@1.9.1","Apache-2.0","https://github.com/snyk/module"
"snyk-module@2.1.0","Apache-2.0","https://github.com/snyk/module"
"snyk-module@3.1.0","Apache-2.0","https://github.com/snyk/module"
"snyk-mvn-plugin@2.19.4","Apache-2.0","https://github.com/snyk/snyk-mvn-plugin"
"snyk-nodejs-lockfile-parser@1.28.1","Apache-2.0","https://github.com/snyk/nodejs-lockfile-parser"
"snyk-nodejs-lockfile-parser@1.29.0","Apache-2.0","https://github.com/snyk/nodejs-lockfile-parser"
"snyk-nuget-plugin@1.19.3","Apache-2.0","https://github.com/snyk/snyk-nuget-plugin"
"snyk-paket-parser@1.6.0","Apache-2.0","https://github.com/snyk/snyk-paket-parser"
"snyk-php-plugin@1.9.2","Apache-2.0","https://github.com/snyk/snyk-php-plugin"
"snyk-policy@1.14.1","Apache-2.0","https://github.com/snyk/policy"
"snyk-python-plugin@1.17.1","Apache-2.0","https://github.com/snyk/snyk-python-plugin"
"snyk-resolve-deps@4.4.0","Apache-2.0","https://github.com/Snyk/resolve-deps"
"snyk-resolve@1.0.1","Apache-2.0","https://github.com/Snyk/resolve-package"
"snyk-resolve@1.1.0","Apache-2.0","https://github.com/snyk/resolve-package"
"snyk-sbt-plugin@2.11.0","Apache-2.0","https://github.com/snyk/snyk-sbt-plugin"
"snyk-tree@1.0.0","Apache-2.0","https://github.com/Snyk/tree"
"snyk-try-require@1.3.1","Apache-2.0","https://github.com/Snyk/try-require"
"snyk@1.402.0","Apache-2.0","https://github.com/snyk/snyk"
"socks-proxy-agent@4.0.2","MIT","https://github.com/TooTallNate/node-socks-proxy-agent"
"socks@2.3.3","MIT","https://github.com/JoshGlazebrook/socks"
"source-map-resolve@0.5.3","MIT","https://github.com/lydell/source-map-resolve"
"source-map-support@0.5.19","MIT","https://github.com/evanw/node-source-map-support"
"source-map-url@0.4.0","MIT","https://github.com/lydell/source-map-url"
"source-map@0.5.7","BSD-3-Clause","https://github.com/mozilla/source-map"
"source-map@0.6.1","BSD-3-Clause","https://github.com/mozilla/source-map"
"spdx-compare@1.0.0","MIT","https://github.com/kemitchell/spdx-compare.js"
"spdx-ranges@2.1.1","(MIT AND CC-BY-3.0)","https://github.com/kemitchell/spdx-ranges.js"
"spdx-satisfies@4.0.1","MIT","https://github.com/kemitchell/spdx-satisfies.js"
"split-ca@1.0.1","ISC","https://github.com/bushong1/split-ca"
"split-string@3.1.0","MIT","https://github.com/jonschlinkert/split-string"
"sprintf-js@1.0.3","BSD-3-Clause","https://github.com/alexei/sprintf.js"
"ssh2-streams@0.4.10","MIT","https://github.com/mscdex/ssh2-streams"
"ssh2@0.8.9","MIT","https://github.com/mscdex/ssh2"
"static-extend@0.1.2","MIT","https://github.com/jonschlinkert/static-extend"
"statuses@1.5.0","MIT","https://github.com/jshttp/statuses"
"stream-shift@1.0.1","MIT","https://github.com/mafintosh/stream-shift"
"streamsearch@0.1.2","MIT","https://github.com/mscdex/streamsearch"
"string-width@1.0.2","MIT","https://github.com/sindresorhus/string-width"
"string-width@2.1.1","MIT","https://github.com/sindresorhus/string-width"
"string-width@3.1.0","MIT","https://github.com/sindresorhus/string-width"
"string-width@4.2.0","MIT","https://github.com/sindresorhus/string-width"
"string.prototype.trimend@1.0.1","MIT","https://github.com/es-shims/String.prototype.trimEnd"
"string.prototype.trimstart@1.0.1","MIT","https://github.com/es-shims/String.prototype.trimStart"
"string_decoder@0.10.31","MIT","https://github.com/rvagg/string_decoder"
"string_decoder@1.1.1","MIT","https://github.com/nodejs/string_decoder"
"string_decoder@1.3.0","MIT","https://github.com/nodejs/string_decoder"
"strip-ansi@3.0.1","MIT","https://github.com/chalk/strip-ansi"
"strip-ansi@4.0.0","MIT","https://github.com/chalk/strip-ansi"
"strip-ansi@5.2.0","MIT","https://github.com/chalk/strip-ansi"
"strip-ansi@6.0.0","MIT","https://github.com/chalk/strip-ansi"
"strip-bom@3.0.0","MIT","https://github.com/sindresorhus/strip-bom"
"strip-eof@1.0.0","MIT","https://github.com/sindresorhus/strip-eof"
"strip-final-newline@2.0.0","MIT","https://github.com/sindresorhus/strip-final-newline"
"strip-json-comments@3.1.1","MIT","https://github.com/sindresorhus/strip-json-comments"
"supports-color@2.0.0","MIT","https://github.com/chalk/supports-color"
"supports-color@5.5.0","MIT","https://github.com/chalk/supports-color"
"symbol-observable@1.2.0","MIT","https://github.com/blesh/symbol-observable"
"table@5.4.6","BSD-3-Clause","https://github.com/gajus/table"
"tar-stream@2.1.4","MIT","https://github.com/mafintosh/tar-stream"
"temp-dir@1.0.0","MIT","https://github.com/sindresorhus/temp-dir"
"temp-dir@2.0.0","MIT","https://github.com/sindresorhus/temp-dir"
"tempfile@2.0.0","MIT","https://github.com/sindresorhus/tempfile"
"text-table@0.2.0","MIT","https://github.com/substack/text-table"
"then-fs@2.0.0","MIT","https://github.com/then/fs"
"through2@2.0.5","MIT","https://github.com/rvagg/through2"
"through@2.3.8","MIT","https://github.com/dominictarr/through"
"thunkify@2.1.2","MIT","https://github.com/visionmedia/node-thunkify"
"tmp@0.0.33","MIT","https://github.com/raszi/node-tmp"
"tmp@0.1.0","MIT","https://github.com/raszi/node-tmp"
"tmp@0.2.1","MIT","https://github.com/raszi/node-tmp"
"to-fast-properties@2.0.0","MIT","https://github.com/sindresorhus/to-fast-properties"
"to-object-path@0.3.0","MIT","https://github.com/jonschlinkert/to-object-path"
"to-regex-range@2.1.1","MIT","https://github.com/micromatch/to-regex-range"
"to-regex@3.0.2","MIT","https://github.com/jonschlinkert/to-regex"
"toidentifier@1.0.0","MIT","https://github.com/component/toidentifier"
"toml@3.0.0","MIT","https://github.com/BinaryMuse/toml-node"
"trash@6.1.1","MIT","https://github.com/sindresorhus/trash"
"tree-kill@1.2.2","MIT","https://github.com/pkrumins/node-tree-kill"
"treeify@1.1.0","MIT","https://github.com/notatestuser/treeify"
"tsconfig-paths@3.9.0","MIT","https://github.com/dividab/tsconfig-paths"
"tslib@1.11.1","Apache-2.0","https://github.com/Microsoft/tslib"
"tslib@1.13.0","0BSD","https://github.com/Microsoft/tslib"
"tslib@2.0.1","0BSD","https://github.com/Microsoft/tslib"
"tweetnacl@0.14.5","Unlicense","https://github.com/dchest/tweetnacl-js"
"type-check@0.3.2","MIT","https://github.com/gkz/type-check"
"type-check@0.4.0","MIT","https://github.com/gkz/type-check"
"type-fest@0.11.0","(MIT OR CC0-1.0)","https://github.com/sindresorhus/type-fest"
"uglify-js@3.11.0","BSD-2-Clause","https://github.com/mishoo/UglifyJS"
"unicode-canonical-property-names-ecmascript@1.0.4","MIT","https://github.com/mathiasbynens/unicode-canonical-property-names-ecmascript"
"unicode-match-property-ecmascript@1.0.4","MIT","https://github.com/mathiasbynens/unicode-match-property-ecmascript"
"unicode-match-property-value-ecmascript@1.2.0","MIT","https://github.com/mathiasbynens/unicode-match-property-value-ecmascript"
"unicode-property-aliases-ecmascript@1.1.0","MIT","https://github.com/mathiasbynens/unicode-property-aliases-ecmascript"
"union-value@1.0.1","MIT","https://github.com/jonschlinkert/union-value"
"unpipe@1.0.0","MIT","https://github.com/stream-utils/unpipe"
"unset-value@1.0.0","MIT","https://github.com/jonschlinkert/unset-value"
"upath@1.2.0","MIT","https://github.com/anodynos/upath"
"uri-js@4.4.0","BSD-2-Clause","https://github.com/garycourt/uri-js"
"urix@0.1.0","MIT","https://github.com/lydell/urix"
"use@3.1.1","MIT","https://github.com/jonschlinkert/use"
"user-home@2.0.0","MIT","https://github.com/sindresorhus/user-home"
"util-deprecate@1.0.2","MIT","https://github.com/TooTallNate/util-deprecate"
"util-extend@1.0.3","MIT","https://github.com/isaacs/util-extend"
"uuid@3.4.0","MIT","https://github.com/uuidjs/uuid"
"uuid@8.3.0","MIT","https://github.com/uuidjs/uuid"
"v8-compile-cache@2.1.1","MIT","https://github.com/zertosh/v8-compile-cache"
"v8flags@3.2.0","MIT","https://github.com/gulpjs/v8flags"
"vscode-languageserver-types@3.15.1","MIT","https://github.com/Microsoft/vscode-languageserver-node"
"which@1.3.1","ISC","https://github.com/isaacs/node-which"
"which@2.0.2","ISC","https://github.com/isaacs/node-which"
"window-size@0.1.4","MIT","https://github.com/jonschlinkert/window-size"
"windows-release@3.3.3","MIT","https://github.com/sindresorhus/windows-release"
"word-wrap@1.2.3","MIT","https://github.com/jonschlinkert/word-wrap"
"wordwrap@1.0.0","MIT","https://github.com/substack/node-wordwrap"
"wrap-ansi@2.1.0","MIT","https://github.com/chalk/wrap-ansi"
"wrap-ansi@3.0.1","MIT","https://github.com/chalk/wrap-ansi"
"wrap-ansi@5.1.0","MIT","https://github.com/chalk/wrap-ansi"
"write@1.0.3","MIT","https://github.com/jonschlinkert/write"
"xdg-basedir@2.0.0","MIT","https://github.com/sindresorhus/xdg-basedir"
"xdg-trashdir@2.1.1","MIT","https://github.com/kevva/xdg-trashdir"
"xml2js@0.4.23","MIT","https://github.com/Leonidas-from-XIV/node-xml2js"
"xmlbuilder@11.0.1","MIT","https://github.com/oozcitak/xmlbuilder-js"
"xregexp@2.0.0","MIT","https://github.com/slevithan/XRegExp"
"xtend@4.0.2","MIT","https://github.com/Raynos/xtend"
"y18n@3.2.1","ISC","https://github.com/yargs/y18n"
"yallist@2.1.2","ISC","https://github.com/isaacs/yallist"
"yallist@3.1.1","ISC","https://github.com/isaacs/yallist"
"yallist@4.0.0","ISC","https://github.com/isaacs/yallist"
"yargs@3.32.0","MIT","https://github.com/bcoe/yargs"
